asset,level,alpha,obs_rate,expected,n_obs,n_hits,kupiec_p,christ_ind_p,christ_cc_p
MOEXFN,0.95,0.05,0.059524,0.05,252,15,0.500091,0.276198,0.440333
SBER,0.95,0.05,0.023810,0.05,252,6,0.034353,0.587728,0.092045
SVCB,0.95,0.05,0.039683,0.05,252,10,0.436335,0.362240,0.487723
T,0.95,0.05,0.027778,0.05,252,7,0.078246,0.526215,0.173542
VTBR,0.95,0.05,0.035714,0.05,252,9,0.273849,0.413200,0.393187
MOEXFN,0.99,0.01,0.011905,0.01,252,3,0.767969,0.787613,0.923289
SBER,0.99,0.01,0.007937,0.01,252,2,0.732712,0.857745,0.928317
SVCB,0.99,0.01,0.011905,0.01,252,3,0.767969,0.787613,0.923289
T,0.99,0.01,0.003968,0.01,252,1,0.273177,0.928730,0.546423
VTBR,0.99,0.01,0.003968,0.01,252,1,0.273177,0.928730,0.546423
